{
  "sheetsById": {
    "lights": {
      "staticOverrides": {
        "byObject": {
          "Camera": {
            "position": {
              "z": 80,
              "y": 20
            },
            "lookAt": {
              "x": 0
            }
          },
          "Points aside": {
            "position": {
              "z": 0,
              "x": 2.5,
              "y": 30
            }
          },
          "Points chest": {
            "position": {
              "z": 4
            },
            "rotation": {
              "y": 0
            }
          },
          "Points half_face": {
            "position": {
              "x": 10,
              "z": -10,
              "y": 28
            }
          },
          "Points belt": {
            "position": {
              "x": 9,
              "y": 5,
              "z": 7.5
            }
          },
          "Points hand": {
            "position": {
              "y": 22,
              "x": 23.75,
              "z": 1.5
            },
            "rotation": {
              "x": 0,
              "y": 1.5
            }
          },
          "Points face": {
            "position": {
              "x": 0.75
            }
          },
          "Points footer": {
            "position": {
              "x": -9,
              "y": -24,
              "z": 1.5
            }
          }
        }
      },
      "sequence": {
        "subUnitsPerUnit": 30,
        "length": 10,
        "type": "PositionalSequence",
        "tracksByObject": {
          "Camera": {
            "trackData": {
              "ozyyHCAuz4": {
                "type": "BasicKeyframedTrack",
                "__debugName": "Camera:[\"position\",\"x\"]",
                "keyframes": [
                  {
                    "id": "kF2uxHrQR9",
                    "position": 0,
                    "connectedRight": true,
                    "handles": [
                      0.5,
                      1,
                      0.5,
                      0
                    ],
                    "value": 0
                  },
                  {
                    "id": "0GQpMSSne5",
                    "position": 1,
                    "connectedRight": true,
                    "handles": [
                      0.5,
                      1,
                      0.5,
                      0
                    ],
                    "value": 0
                  },
                  {
                    "id": "Cj_sn52gec",
                    "position": 2,
                    "connectedRight": true,
                    "handles": [
                      0.5,
                      1,
                      0.5,
                      0
                    ],
                    "value": 20
                  },
                  {
                    "id": "xICXzz_Wr4",
                    "position": 3,
                    "connectedRight": true,
                    "handles": [
                      0.5,
                      1,
                      0.5,
                      0
                    ],
                    "value": 4
                  },
                  {
                    "id": "uwixpM3GBr",
                    "position": 4,
                    "connectedRight": true,
                    "handles": [
                      0.5,
                      1,
                      0.5,
                      0
                    ],
                    "value": 6.5
                  },
                  {
                    "id": "2EuRDYAktz",
                    "position": 5.033,
                    "connectedRight": true,
                    "handles": [
                      0.5,
                      1,
                      0.5,
                      0
                    ],
                    "value": 30
                  },
                  {
                    "id": "gLQBIXv4-2",
                    "position": 5.967,
                    "connectedRight": true,
                    "handles": [
                      0.5,
                      1,
                      0.5,
                      0
                    ],
                    "value": 0
                  }
                ]
              },
              "V96L9waqUz": {
                "type": "BasicKeyframedTrack",
                "__debugName": "Camera:[\"position\",\"y\"]",
                "keyframes": [
                  {
                    "id": "C-4nU1tg2D",
                    "position": 0,
                    "connectedRight": true,
                    "handles": [
                      0.5,
                      1,
                      0.5,
                      0
                    ],
                    "value": 20
                  },
                  {
                    "id": "rj6WByjaUO",
                    "position": 1,
                    "connectedRight": true,
                    "handles": [
                      0.5,
                      1,
                      0.5,
                      0
                    ],
                    "value": 30
                  },
                  {
                    "id": "Je-5wPL4w7",
                    "position": 2,
                    "connectedRight": true,
                    "handles": [
                      0.5,
                      1,
                      0.5,
                      0
                    ],
                    "value": 26
                  },
                  {
                    "id": "exyY6NXHQe",
                    "position": 3,
                    "connectedRight": true,
                    "handles": [
                      0.5,
                      1,
                      0.5,
                      0
                    ],
                    "value": 29
                  },
                  {
                    "id": "btfK-AQ5eP",
                    "position": 4,
                    "connectedRight": true,
                    "handles": [
                      0.5,
                      1,
                      0.5,
                      0
                    ],
                    "value": 22
                  },
                  {
                    "id": "rvf7SARQLk",
                    "position": 5.033,
                    "connectedRight": true,
                    "handles": [
                      0.5,
                      1,
                      0.5,
                      0
                    ],
                    "value": 7
                  },
                  {
                    "id": "Beohp3REin",
                    "position": 5.967,
                    "connectedRight": true,
                    "handles": [
                      0.5,
                      1,
                      0.5,
                      0
                    ],
                    "value": -22
                  }
                ]
              },
              "4I3uCacdFt": {
                "type": "BasicKeyframedTrack",
                "__debugName": "Camera:[\"position\",\"z\"]",
                "keyframes": [
                  {
                    "id": "gDF7Y11Ajz",
                    "position": 0,
                    "connectedRight": true,
                    "handles": [
                      0.5,
                      1,
                      0.5,
                      0
                    ],
                    "value": 80
                  },
                  {
                    "id": "6RioMKMAkB",
                    "position": 1,
                    "connectedRight": true,
                    "handles": [
                      0.5,
                      1,
                      0.5,
                      0
                    ],
                    "value": 21
                  },
                  {
                    "id": "Vh3Pod6ZYY",
                    "position": 2,
                    "connectedRight": true,
                    "handles": [
                      0.5,
                      1,
                      0.5,
                      0
                    ],
                    "value": 10
                  },
                  {
                    "id": "zBozEkGuTl",
                    "position": 3,
                    "connectedRight": true,
                    "handles": [
                      0.5,
                      1,
                      0.5,
                      0
                    ],
                    "value": 20
                  },
                  {
                    "id": "CvBQy_1RE9",
                    "position": 4,
                    "connectedRight": true,
                    "handles": [
                      0.5,
                      1,
                      0.5,
                      0
                    ],
                    "value": 5
                  },
                  {
                    "id": "0kxy_Wn3NO",
                    "position": 5.033,
                    "connectedRight": true,
                    "handles": [
                      0.5,
                      1,
                      0.5,
                      0
                    ],
                    "value": 21
                  },
                  {
                    "id": "_hfloYFZfe",
                    "position": 5.967,
                    "connectedRight": true,
                    "handles": [
                      0.5,
                      1,
                      0.5,
                      0
                    ],
                    "value": 30.379746835443058
                  }
                ]
              },
              "mz25qe4bWK": {
                "type": "BasicKeyframedTrack",
                "__debugName": "Camera:[\"lookAt\",\"x\"]",
                "keyframes": [
                  {
                    "id": "O3z-C94dB7",
                    "position": 0,
                    "connectedRight": true,
                    "handles": [
                      0.5,
                      1,
                      0.5,
                      0
                    ],
                    "value": 2.5
                  },
                  {
                    "id": "c542zA5Swu",
                    "position": 1,
                    "connectedRight": true,
                    "handles": [
                      0.5,
                      1,
                      0.5,
                      0
                    ],
                    "value": 0.75
                  },
                  {
                    "id": "nf8qsVRP4k",
                    "position": 2,
                    "connectedRight": true,
                    "handles": [
                      0.5,
                      1,
                      0.5,
                      0
                    ],
                    "value": 2.5
                  },
                  {
                    "id": "OzqMlCbiLv",
                    "position": 3,
                    "connectedRight": true,
                    "handles": [
                      0.5,
                      1,
                      0.5,
                      0
                    ],
                    "value": 11
                  },
                  {
                    "id": "_d1fZvlxYP",
                    "position": 4,
                    "connectedRight": true,
                    "handles": [
                      0.5,
                      1,
                      0.5,
                      0
                    ],
                    "value": 36
                  },
                  {
                    "id": "UDm0YvnlTO",
                    "position": 5.033,
                    "connectedRight": true,
                    "handles": [
                      0.5,
                      1,
                      0.5,
                      0
                    ],
                    "value": 9
                  },
                  {
                    "id": "HUe-ao3N2Q",
                    "position": 5.967,
                    "connectedRight": true,
                    "handles": [
                      0.5,
                      1,
                      0.5,
                      0
                    ],
                    "value": -9
                  }
                ]
              },
              "_hcllMWsyC": {
                "type": "BasicKeyframedTrack",
                "__debugName": "Camera:[\"lookAt\",\"y\"]",
                "keyframes": [
                  {
                    "id": "B9UHUngo5j",
                    "position": 0,
                    "connectedRight": true,
                    "handles": [
                      0.5,
                      1,
                      0.5,
                      0
                    ],
                    "value": 20
                  },
                  {
                    "id": "xsWSJVv19I",
                    "position": 1,
                    "connectedRight": true,
                    "handles": [
                      0.5,
                      1,
                      0.5,
                      0
                    ],
                    "value": 30
                  },
                  {
                    "id": "tOAqk0J97q",
                    "position": 2,
                    "connectedRight": true,
                    "handles": [
                      0.5,
                      1,
                      0.5,
                      0
                    ],
                    "value": 30
                  },
                  {
                    "id": "v61ESLv4Wc",
                    "position": 3,
                    "connectedRight": true,
                    "handles": [
                      0.5,
                      1,
                      0.5,
                      0
                    ],
                    "value": 29
                  },
                  {
                    "id": "qsFUJSS2U_",
                    "position": 4,
                    "connectedRight": true,
                    "handles": [
                      0.5,
                      1,
                      0.5,
                      0
                    ],
                    "value": 21
                  },
                  {
                    "id": "tPQuoJ-GmW",
                    "position": 5.033,
                    "connectedRight": true,
                    "handles": [
                      0.5,
                      1,
                      0.5,
                      0
                    ],
                    "value": 5
                  },
                  {
                    "id": "VXKzzmXwYS",
                    "position": 5.967,
                    "connectedRight": true,
                    "handles": [
                      0.5,
                      1,
                      0.5,
                      0
                    ],
                    "value": -24
                  }
                ]
              },
              "i4iu4CqNSf": {
                "type": "BasicKeyframedTrack",
                "__debugName": "Camera:[\"lookAt\",\"z\"]",
                "keyframes": [
                  {
                    "id": "OjuB2Wxzwr",
                    "position": 0,
                    "connectedRight": true,
                    "handles": [
                      0.5,
                      1,
                      0.5,
                      0
                    ],
                    "value": 0
                  },
                  {
                    "id": "JS3Lwetpr5",
                    "position": 1,
                    "connectedRight": true,
                    "handles": [
                      0.5,
                      1,
                      0.5,
                      0
                    ],
                    "value": 1
                  },
                  {
                    "id": "WruWnN6WiG",
                    "position": 2,
                    "connectedRight": true,
                    "handles": [
                      0.5,
                      1,
                      0.5,
                      0
                    ],
                    "value": 0
                  },
                  {
                    "id": "jwQ-1adWyu",
                    "position": 3,
                    "connectedRight": true,
                    "handles": [
                      0.5,
                      1,
                      0.5,
                      0
                    ],
                    "value": 2
                  },
                  {
                    "id": "wOjPVO-Its",
                    "position": 4,
                    "connectedRight": true,
                    "handles": [
                      0.5,
                      1,
                      0.5,
                      0
                    ],
                    "value": -3
                  },
                  {
                    "id": "A3R2uSNxL6",
                    "position": 5.033,
                    "connectedRight": true,
                    "handles": [
                      0.5,
                      1,
                      0.5,
                      0
                    ],
                    "value": 7.5
                  },
                  {
                    "id": "8asgG-6M_G",
                    "position": 5.967,
                    "connectedRight": true,
                    "handles": [
                      0.5,
                      1,
                      0.5,
                      0
                    ],
                    "value": 1.5
                  }
                ]
              }
            },
            "trackIdByPropPath": {
              "[\"position\",\"x\"]": "ozyyHCAuz4",
              "[\"position\",\"y\"]": "V96L9waqUz",
              "[\"position\",\"z\"]": "4I3uCacdFt",
              "[\"lookAt\",\"x\"]": "mz25qe4bWK",
              "[\"lookAt\",\"y\"]": "_hcllMWsyC",
              "[\"lookAt\",\"z\"]": "i4iu4CqNSf"
            }
          }
        }
      }
    }
  },
  "definitionVersion": "0.4.0",
  "revisionHistory": [
    "gUpB5BBbiNq78rSH",
    "luxxskKvdVII5dVl"
  ]
}